session_id,trial,label,label_int,snr_db,device,fs,feat_00,feat_01,feat_02,feat_03,feat_04,feat_05,feat_06,feat_07,feat_08,feat_09,feat_10,feat_11,feat_12,feat_13,feat_14,feat_15,feat_16,feat_17,feat_18
unicorn_session_005,0,baseline,0,17.19,Unicorn Hybrid Black,250,127202688.0,18025814.0,3392201.0,51543.824219,264602032.0,42031148.0,98051.96875,10199.563477,227536720.0,32715342.0,765657.375,17340.09375,197456736.0,24166506.0,322098.53125,15775.074219,0.005605,-5.183949,0.155277
unicorn_session_005,0,slap,1,11.9,Unicorn Hybrid Black,250,660572.1875,251495.625,34422416.0,5359449.5,89945.179688,763000.9375,69249608.0,12292922.0,780100.4375,121045.109375,65453052.0,8533259.0,229440.265625,300798.9375,60507944.0,6689253.0,130.468994,4.871136,1.127562
unicorn_session_005,1,baseline,0,10.13,Unicorn Hybrid Black,250,32044328.0,2385035.75,259579.703125,1480.493408,48068016.0,4920279.5,4284534.5,114156.710938,87096952.0,13392936.0,128863.429688,103965.601562,55893104.0,13737571.0,2539028.25,81672.3125,0.032326,-3.431853,1.829319
unicorn_session_005,1,slap,1,19.36,Unicorn Hybrid Black,250,681267.125,229440.15625,335834240.0,42903892.0,548703.9375,53607.816406,455428128.0,71669224.0,1430163.25,50725.691406,679350144.0,99575000.0,171937.75,233391.640625,629751744.0,92237632.0,741.635193,6.608858,1.019906
unicorn_session_005,2,baseline,0,15.3,Unicorn Hybrid Black,250,86044032.0,11500741.0,237320.453125,154613.328125,158949888.0,18990774.0,5120925.0,66623.890625,225104192.0,28347116.0,3433501.5,106331.023438,152797344.0,14520983.0,4546490.0,62161.472656,0.021413,-3.843697,1.447018
unicorn_session_005,2,slap,1,10.41,Unicorn Hybrid Black,250,786925.0,436471.625,19830080.0,2956853.25,220294.8125,866802.5625,50094340.0,7004653.0,42882.402344,43587.410156,64199416.0,7782255.0,2316657.0,61588.066406,38036776.0,7201315.5,51.13541,3.934477,1.014197
unicorn_session_005,3,baseline,0,15.0,Unicorn Hybrid Black,250,64924984.0,7029350.5,346673.71875,18363.886719,178086864.0,21750192.0,4385.27002,4369.115723,252318048.0,34508520.0,154357.8125,78282.859375,149102896.0,18102172.0,1540887.125,10303.602539,0.003175,-5.75202,0.160684
unicorn_session_005,3,slap,1,13.76,Unicorn Hybrid Black,250,106144.882812,59659.203125,75191416.0,10108644.0,294394.09375,710298.4375,170497264.0,24096182.0,1009628.6875,136007.78125,140488304.0,16232926.0,985189.25,608167.9375,103506160.0,18515854.0,204.430145,5.320226,1.085142
unicorn_session_005,4,baseline,0,14.61,Unicorn Hybrid Black,250,48491088.0,4106029.75,1489923.75,55192.320312,96110856.0,14533998.0,3515316.25,44859.726562,139358912.0,23491952.0,81735.632812,1092.960693,136695776.0,20334618.0,2692413.5,134099.625,0.018493,-3.990285,1.581858
unicorn_session_005,4,slap,1,15.88,Unicorn Hybrid Black,250,831833.75,125727.460938,109871136.0,17824924.0,1569527.375,55573.035156,159920256.0,27670326.0,1535446.875,307051.90625,291956544.0,44100000.0,333288.0,21140.128906,227161552.0,25080266.0,184.752182,5.219015,0.966389
unicorn_session_005,5,baseline,0,18.51,Unicorn Hybrid Black,250,164166064.0,26679852.0,361437.59375,27073.912109,316725056.0,50632608.0,790060.4375,82013.617188,413985760.0,64093776.0,3030925.25,31647.875,283912864.0,44327224.0,5242372.5,73161.75,0.007995,-4.828774,0.863738
unicorn_session_005,5,slap,1,16.97,Unicorn Hybrid Black,250,218226.75,174600.875,151153520.0,23074422.0,425630.4375,127379.007812,227562400.0,31292312.0,909666.75,715527.4375,296030784.0,32651966.0,935762.0625,790785.875,275931328.0,38887516.0,381.907928,5.945179,1.054332
unicorn_session_005,6,baseline,0,11.15,Unicorn Hybrid Black,250,18807616.0,4211516.5,2142755.75,52244.382812,36163928.0,5122815.5,132598.8125,74269.742188,59722280.0,6600332.5,2404436.5,1504.705811,61586904.0,5536608.5,3536959.0,15574.555664,0.046612,-3.065881,0.333384
unicorn_session_005,6,slap,1,17.84,Unicorn Hybrid Black,250,236815.9375,542092.5,126206816.0,18955112.0,50142.832031,89757.304688,260340448.0,39236096.0,1068190.875,415325.40625,278952096.0,48977900.0,1368355.5,591513.1875,263489776.0,46466492.0,341.100555,5.832177,1.127722
unicorn_session_005,7,baseline,0,11.92,Unicorn Hybrid Black,250,45638940.0,8881492.0,794736.3125,38819.640625,62883808.0,10979258.0,4033582.5,121165.773438,77868744.0,9131161.0,2652384.0,22231.386719,86858304.0,12514328.0,254638.703125,15099.209961,0.028309,-3.564551,0.524069
unicorn_session_005,7,slap,1,17.59,Unicorn Hybrid Black,250,473944.3125,686140.875,173283840.0,27808146.0,366431.34375,994498.25,366363296.0,47060000.0,195915.640625,279874.03125,259608480.0,44801780.0,1794939.875,173374.171875,273703488.0,48683288.0,378.972626,5.937464,1.180519
unicorn_session_005,8,baseline,0,16.37,Unicorn Hybrid Black,250,54228716.0,4980174.5,4156537.75,65613.351562,162313680.0,22574184.0,813006.1875,77785.375,197806016.0,30664180.0,2225713.25,238331.96875,149431648.0,18942860.0,1922044.625,54888.109375,0.016172,-4.124428,0.548431
unicorn_session_005,8,slap,1,11.82,Unicorn Hybrid Black,250,50245.792969,513355.875,52513200.0,11396938.0,933429.875,1056293.0,123143168.0,14812216.0,1606638.5,113104.960938,136837472.0,14555006.0,1136961.0,420390.0,90004632.0,12163069.0,107.987328,4.682014,1.046245
unicorn_session_005,9,baseline,0,13.6,Unicorn Hybrid Black,250,55871204.0,9490953.0,115747.992188,75448.554688,70743824.0,13331009.0,632826.6875,74011.390625,76540840.0,21231244.0,61175.597656,47672.84375,93001448.0,12103036.0,7145684.5,241990.28125,0.026862,-3.616998,1.069203
unicorn_session_005,9,slap,1,10.95,Unicorn Hybrid Black,250,127570.351562,245709.359375,22212748.0,3526048.25,1101765.0,416331.90625,58198388.0,5219460.0,724431.5,89550.59375,90988872.0,9507076.0,230066.25,536732.75,49717636.0,10081232.0,101.252083,4.617613,0.973077
unicorn_session_005,10,baseline,0,11.32,Unicorn Hybrid Black,250,43526208.0,5531599.5,633167.25,45371.890625,47518532.0,11083939.0,17017.283203,224828.421875,69040280.0,10280796.0,3815106.25,50696.773438,63123948.0,8309427.0,378461.625,58139.378906,0.021701,-3.830373,0.066273
unicorn_session_005,10,slap,1,15.37,Unicorn Hybrid Black,250,310051.15625,732509.875,78043040.0,14366136.0,555517.875,462077.8125,142862256.0,22096566.0,108356.421875,849832.625,181743216.0,24967748.0,524461.1875,134703.9375,97702344.0,15490580.0,333.926422,5.810921,0.944488
unicorn_session_005,11,baseline,0,10.77,Unicorn Hybrid Black,250,41661384.0,7122885.0,305262.8125,32.590439,47730756.0,8999494.0,43628.378906,32495.941406,70340560.0,14937363.0,1930668.25,79126.101562,83080640.0,12103764.0,3191045.75,57875.5,0.02253,-3.792859,0.27282
unicorn_session_005,11,slap,1,15.71,Unicorn Hybrid Black,250,1685.367188,194756.171875,50011904.0,8781779.0,373301.875,815592.5,111015320.0,21289514.0,636709.25,25359.921875,158139712.0,18333892.0,253992.4375,342367.25,170605840.0,16802362.0,386.961426,5.958325,1.123968
unicorn_session_005,12,baseline,0,18.31,Unicorn Hybrid Black,250,206958608.0,29067414.0,4943572.5,94306.054688,360377824.0,46825744.0,1120809.125,6033.861328,373976512.0,55869772.0,124547.664062,147012.515625,304914688.0,37212152.0,3366443.0,54875.808594,0.007667,-4.870643,0.813137
unicorn_session_005,12,slap,1,11.84,Unicorn Hybrid Black,250,975528.6875,165693.484375,27082044.0,3906107.5,609128.3125,105666.203125,98533824.0,12111160.0,144879.328125,398414.46875,68996184.0,12166595.0,273530.0625,782584.125,67694048.0,8723140.0,130.952271,4.874833,1.245431
unicorn_session_005,13,baseline,0,12.83,Unicorn Hybrid Black,250,41628716.0,2910655.5,562957.125,44061.722656,96078552.0,15508585.0,2243894.75,94229.296875,80611160.0,9324399.0,1832091.625,58716.632812,72848168.0,8205022.0,84039.992188,40211.679688,0.016221,-4.121393,0.36778
unicorn_session_005,13,slap,1,10.25,Unicorn Hybrid Black,250,157057.265625,410883.375,51511208.0,4272957.0,766000.25,1107211.375,36053644.0,9689536.0,604373.0625,396965.71875,61978316.0,7629727.5,644501.0,142501.140625,62038200.0,10522482.0,97.416222,4.578993,0.894101
unicorn_session_005,14,baseline,0,18.67,Unicorn Hybrid Black,250,169576720.0,23601276.0,1894058.375,63002.441406,336584096.0,58965512.0,2680446.0,1201.984009,371243840.0,51734908.0,3807406.5,21347.841797,354257152.0,61712832.0,4196446.0,131804.109375,0.010213,-4.584044,1.066548
unicorn_session_005,14,slap,1,10.1,Unicorn Hybrid Black,250,16491.648438,270809.8125,35513584.0,6697179.5,183020.78125,3704.289551,54702088.0,7024484.5,2973302.0,288726.375,58652060.0,13449103.0,1119881.375,373754.875,82184240.0,10571401.0,53.824444,3.985728,1.160771
unicorn_session_005,15,baseline,0,17.84,Unicorn Hybrid Black,250,115111152.0,24633578.0,117178.070312,50794.570312,270549536.0,24814086.0,97065.195312,118628.695312,347302656.0,40138116.0,170983.921875,67085.015625,302793376.0,28616894.0,3412487.5,121734.757812,0.003667,-5.608215,0.606185
unicorn_session_005,15,slap,1,14.72,Unicorn Hybrid Black,250,169487.734375,514269.875,122002296.0,15797980.0,645982.6875,859520.0,150942304.0,20187202.0,699001.4375,126799.226562,186036752.0,23465026.0,181221.71875,494074.5625,191000176.0,21226846.0,383.31308,5.948852,1.044916
unicorn_session_005,16,baseline,0,16.51,Unicorn Hybrid Black,250,78932760.0,12429778.0,3749573.25,72875.71875,163169232.0,26138378.0,64119.890625,619.022095,260408560.0,37547228.0,3172048.5,21805.285156,220878608.0,28086448.0,831680.5,15498.429688,0.010807,-4.5275,0.11816
unicorn_session_005,16,slap,1,16.42,Unicorn Hybrid Black,250,631342.375,241063.3125,204939440.0,23442178.0,1118538.625,19441.970703,294990016.0,37712152.0,530470.875,64969.523438,238525440.0,35349660.0,187984.890625,632.205383,210579968.0,29439040.0,384.483521,5.951901,1.050485
unicorn_session_005,17,baseline,0,15.63,Unicorn Hybrid Black,250,95160704.0,9087040.0,3794057.5,178015.953125,214697376.0,25972186.0,4289720.0,76851.640625,229916896.0,34642692.0,6227860.5,84652.898438,230686896.0,36916228.0,378250.78125,21219.486328,0.019066,-3.959778,0.346853
unicorn_session_005,17,slap,1,12.51,Unicorn Hybrid Black,250,28878.974609,497992.28125,73081872.0,9336674.0,186753.078125,2602.637451,142760912.0,15616759.0,125392.398438,492261.5,124125560.0,16408226.0,25330.269531,315173.5,118542280.0,12228371.0,1251.548218,7.132137,1.134885
unicorn_session_005,18,baseline,0,17.55,Unicorn Hybrid Black,250,108540824.0,26027396.0,74543.179688,160480.65625,224925952.0,34192972.0,472351.71875,28005.236328,209273840.0,38054012.0,3915285.0,34829.824219,232849872.0,29867960.0,1138181.25,27926.671875,0.007221,-4.930655,0.5237
unicorn_session_005,18,slap,1,14.41,Unicorn Hybrid Black,250,167199.671875,428337.375,52375888.0,10310569.0,1167525.375,502646.71875,142686880.0,22543142.0,122660.828125,38347.875,230486032.0,30987848.0,1551157.625,1250437.25,133550768.0,21043640.0,185.837296,5.224872,0.987611
unicorn_session_005,19,baseline,0,10.06,Unicorn Hybrid Black,250,18556224.0,2040865.5,2551923.5,37694.480469,33322698.0,5714082.0,35834.09375,41520.863281,43482144.0,8274706.5,266988.125,129198.3125,33050196.0,4531204.0,2017519.375,2184.244385,0.037943,-3.271653,0.220743
unicorn_session_005,19,slap,1,11.78,Unicorn Hybrid Black,250,516559.28125,259484.59375,43437656.0,6937975.5,2717118.75,743414.75,47150804.0,8020653.0,1022861.75,21009.144531,59201392.0,11767874.0,1927275.375,337271.09375,62803184.0,7298833.0,34.378944,3.537444,1.023874
unicorn_session_005,20,baseline,0,14.81,Unicorn Hybrid Black,250,76774856.0,15024483.0,2848136.75,189996.140625,140474336.0,24186132.0,243496.96875,4832.161133,162131584.0,21195968.0,2496754.0,19853.234375,117894352.0,16221888.0,3171569.5,29753.582031,0.017616,-4.038896,0.401275
unicorn_session_005,20,slap,1,18.53,Unicorn Hybrid Black,250,2739849.75,291077.78125,155314144.0,23326902.0,346395.15625,1013513.3125,311699264.0,42567548.0,533279.375,135889.484375,407830592.0,55689780.0,1831503.75,158258.875,423117536.0,50577056.0,238.113159,5.472746,1.119171
unicorn_session_005,21,baseline,0,17.63,Unicorn Hybrid Black,250,144820192.0,15588955.0,41147.574219,170011.46875,256032480.0,40767680.0,142047.484375,60630.1875,285197856.0,45493888.0,2515784.25,155940.046875,204997360.0,30146322.0,2222024.0,140439.78125,0.005523,-5.198705,0.456665
unicorn_session_005,21,slap,1,12.25,Unicorn Hybrid Black,250,300487.5,51834.914062,57415920.0,9449121.0,1333700.75,47781.484375,165798480.0,17153504.0,982118.1875,560032.6875,99038920.0,19341416.0,52120.289062,967286.4375,108563672.0,19092632.0,161.449814,5.084194,1.245661
unicorn_session_005,22,baseline,0,14.36,Unicorn Hybrid Black,250,50514760.0,11640918.0,213678.328125,170741.3125,150715296.0,21884642.0,158354.140625,103750.3125,145299440.0,22459370.0,1842333.625,47092.203125,123375336.0,17953450.0,130663.054688,7855.558594,0.00499,-5.300032,0.245359
unicorn_session_005,22,slap,1,13.69,Unicorn Hybrid Black,250,271785.71875,30164.316406,96561712.0,12745049.0,2005675.375,190404.4375,102388624.0,16955554.0,206739.234375,100526.890625,153935520.0,21462234.0,631082.625,54513.046875,85989616.0,14416654.0,140.878204,4.947896,0.8552
unicorn_session_005,23,baseline,0,11.98,Unicorn Hybrid Black,250,62525504.0,6155619.5,4105131.75,17959.65625,98819464.0,15308469.0,77611.632812,6507.150391,128624040.0,16774916.0,194515.484375,7210.083008,111232128.0,19731946.0,46273.125,21644.210938,0.011026,-4.507434,0.05419
unicorn_session_005,23,slap,1,15.31,Unicorn Hybrid Black,250,401466.375,751667.5625,81826640.0,16939642.0,373271.21875,57710.769531,151679360.0,20078192.0,108764.359375,428704.6875,162061184.0,25111900.0,119812.078125,274360.5625,160566576.0,23282350.0,554.296814,6.3177,1.122462
unicorn_session_005,24,baseline,0,16.6,Unicorn Hybrid Black,250,103417496.0,17299274.0,4292526.5,58515.703125,254370896.0,35796752.0,17018.226562,110572.523438,284080832.0,55658784.0,2203242.0,273167.21875,157633152.0,18809072.0,2888334.75,25672.664062,0.011759,-4.443076,0.094332
unicorn_session_005,24,slap,1,10.75,Unicorn Hybrid Black,250,805173.75,28670.640625,17127970.0,5456303.0,1437772.875,96843.90625,80305352.0,7944361.5,312541.71875,398129.34375,53220004.0,6824137.5,34931.089844,12353.34082,47401720.0,6562505.5,76.456749,4.336725,1.246073
unicorn_session_005,25,baseline,0,16.84,Unicorn Hybrid Black,250,89257872.0,9947608.0,704292.625,111716.507812,206306160.0,39843728.0,3120169.0,51431.722656,223790704.0,28793058.0,651312.75,23680.365234,203353600.0,25950142.0,3739234.5,19643.585938,0.011367,-4.476955,1.663154
unicorn_session_005,25,slap,1,19.1,Unicorn Hybrid Black,250,368194.28125,1244.217773,236458592.0,24575606.0,56522.171875,47799.335938,399364992.0,62469152.0,369180.5,351409.96875,332148384.0,44431008.0,629227.6875,74233.476562,312740128.0,58043772.0,899.929688,6.802317,1.103787
unicorn_session_005,26,baseline,0,12.56,Unicorn Hybrid Black,250,31557590.0,4115013.0,144248.453125,73335.140625,86134328.0,10511063.0,2816755.25,30225.539062,70277872.0,11490211.0,4747421.5,33263.226562,75018000.0,9874699.0,3949101.75,1973.338989,0.044327,-3.116133,1.144398
unicorn_session_005,26,slap,1,13.23,Unicorn Hybrid Black,250,1205053.625,696882.0,103998896.0,10987994.0,430825.9375,343948.21875,133616200.0,20339236.0,949944.75,1405803.0,127221336.0,15836723.0,300023.21875,259044.9375,98684992.0,10985619.0,160.61882,5.079034,0.990935
unicorn_session_005,27,baseline,0,19.37,Unicorn Hybrid Black,250,183879680.0,19164506.0,2889185.25,85335.671875,327592160.0,44963656.0,72659.273438,52053.023438,392054464.0,66235816.0,4264904.0,110343.953125,257665056.0,39686916.0,4268580.5,11097.491211,0.0099,-4.61516,0.193788
unicorn_session_005,27,slap,1,12.14,Unicorn Hybrid Black,250,292513.125,449977.96875,38207408.0,5474108.5,392353.15625,131123.515625,103473064.0,10657439.0,164675.375,588087.375,155081904.0,20394676.0,833313.6875,51041.773438,87673776.0,16142403.0,228.44278,5.431286,0.991024
unicorn_session_005,28,baseline,0,14.86,Unicorn Hybrid Black,250,67420272.0,11803267.0,5510199.0,7060.374023,105416064.0,16107902.0,279273.53125,9234.53125,156451952.0,21676246.0,5016102.5,64935.335938,131225808.0,18089360.0,323675.5,218795.0625,0.024167,-3.722725,0.10806
unicorn_session_005,28,slap,1,18.05,Unicorn Hybrid Black,250,173298.9375,275699.84375,109970744.0,19727366.0,527188.4375,248177.203125,263955792.0,32699266.0,1087253.375,33212.21875,299909472.0,39155296.0,518139.28125,142263.328125,200109376.0,28169002.0,379.007324,5.937555,1.051901
unicorn_session_005,29,baseline,0,18.88,Unicorn Hybrid Black,250,171950816.0,19408430.0,3440736.0,27281.548828,380323200.0,50193216.0,2536018.25,47571.507812,383693472.0,54030068.0,1484253.75,45817.328125,297825504.0,39501152.0,415191.8125,79682.820312,0.006384,-5.053846,0.521127
unicorn_session_005,29,slap,1,16.49,Unicorn Hybrid Black,250,319514.375,501761.5,135273632.0,22214168.0,861133.9375,9208.261719,235005840.0,30925324.0,1544058.625,91089.320312,332449472.0,48907752.0,132961.515625,302105.375,343916128.0,43924592.0,366.258392,5.903339,1.086491
unicorn_session_005,30,baseline,0,19.24,Unicorn Hybrid Black,250,240748144.0,22903912.0,758046.625,34772.59375,430179552.0,56163692.0,218248.140625,79940.210938,516920480.0,86132648.0,88422.023438,118835.109375,459257600.0,73125544.0,2728723.75,6098.628906,0.002303,-6.073068,0.813733
unicorn_session_005,30,slap,1,10.64,Unicorn Hybrid Black,250,354026.0,404252.28125,37123352.0,5539938.0,56291.902344,789031.75,49976388.0,8221546.5,1649808.125,95700.234375,41048876.0,9019275.0,448311.21875,531403.625,30024666.0,7887474.5,63.056503,4.144031,0.979599
unicorn_session_005,31,baseline,0,16.38,Unicorn Hybrid Black,250,124002576.0,17285924.0,415299.46875,46516.757812,176873424.0,18259158.0,252083.078125,77407.226562,250047648.0,35578156.0,58606.777344,1697.948242,180985168.0,20527302.0,292989.34375,96282.03125,0.001392,-6.576137,1.066824
unicorn_session_005,31,slap,1,16.29,Unicorn Hybrid Black,250,799336.3125,1527169.0,101589248.0,17708040.0,777441.4375,1571539.25,225168224.0,28918690.0,217956.03125,1118690.25,200493024.0,35009688.0,3021.206299,292905.71875,282111520.0,39655672.0,450.207092,6.109708,1.245607
unicorn_session_005,32,baseline,0,11.32,Unicorn Hybrid Black,250,24051316.0,4339778.0,5735254.5,14088.303711,77076832.0,13327843.0,32883.417969,74551.890625,126151256.0,15832829.0,3951069.0,158169.3125,97928992.0,14999121.0,318182.625,10852.386719,0.030864,-3.478117,0.040763
unicorn_session_005,32,slap,1,14.91,Unicorn Hybrid Black,250,59694.917969,2014357.5,100940592.0,15304578.0,115366.328125,437886.53125,150895344.0,16363414.0,307341.53125,105978.914062,164204480.0,26757506.0,545854.75,184868.640625,100935520.0,15540425.0,502.768921,6.22013,0.954882
unicorn_session_005,33,baseline,0,18.96,Unicorn Hybrid Black,250,157448192.0,22164772.0,2155018.5,124158.132812,351779936.0,59390508.0,515428.4375,50737.320312,344958496.0,46321348.0,273840.15625,110525.382812,344290976.0,46263340.0,474004.3125,66937.023438,0.002852,-5.859316,0.578397
unicorn_session_005,33,slap,1,17.13,Unicorn Hybrid Black,250,166737.296875,451440.90625,160594688.0,22651792.0,1005053.0,454387.40625,253348288.0,37219440.0,297640.0,62450.648438,232262864.0,39060188.0,228476.078125,484132.25,197175504.0,35795560.0,496.718414,6.208023,1.060038
unicorn_session_005,34,baseline,0,14.33,Unicorn Hybrid Black,250,53223176.0,10995485.0,2580978.25,142820.78125,119629744.0,17827080.0,76855.703125,95325.171875,199040416.0,27421622.0,1763920.25,54871.957031,103427376.0,23394000.0,2321276.0,44921.488281,0.014186,-4.25541,0.250557
unicorn_session_005,34,slap,1,16.16,Unicorn Hybrid Black,250,475697.5,583602.3125,102363224.0,15121588.0,217688.546875,482858.90625,282338240.0,37329384.0,216857.5625,258426.109375,309132288.0,40393712.0,565416.3125,793900.625,297383584.0,39498324.0,671.711243,6.509829,1.169323
unicorn_session_005,35,baseline,0,12.64,Unicorn Hybrid Black,250,28233868.0,2947903.25,1215196.0,214374.890625,89137432.0,5202734.0,1159165.625,82421.46875,91065552.0,15771589.0,2518949.75,52638.277344,54637280.0,11240777.0,2297.260742,55042.203125,0.018609,-3.984044,0.042163
unicorn_session_005,35,slap,1,11.0,Unicorn Hybrid Black,250,318675.46875,683041.0,19078428.0,4565047.5,377277.15625,186309.46875,43030716.0,6370737.0,97422.5625,58566.0625,44832588.0,7715862.0,192612.390625,651866.3125,59354420.0,6519404.0,168.65947,5.127882,1.215608
unicorn_session_005,36,baseline,0,11.89,Unicorn Hybrid Black,250,13620235.0,3979388.25,11811.773438,15435.114258,48576328.0,13615128.0,117507.96875,67178.984375,54791968.0,13554164.0,1135132.25,57041.714844,50844708.0,10327480.0,586991.4375,35262.855469,0.011031,-4.506915,0.567413
unicorn_session_005,36,slap,1,19.57,Unicorn Hybrid Black,250,1254997.625,584555.5,337639904.0,44300436.0,244362.828125,1536125.0,425357088.0,68921896.0,1061233.125,1580910.375,541731008.0,76193704.0,31476.880859,149315.15625,358264128.0,47846164.0,641.569031,6.463917,0.938963
unicorn_session_005,37,baseline,0,17.06,Unicorn Hybrid Black,250,165917664.0,21446420.0,199493.171875,264871.625,290144224.0,44840876.0,290882.15625,9695.025391,393249088.0,56216448.0,5775515.0,34838.84375,248738624.0,38837376.0,4274151.5,23517.001953,0.009599,-4.646005,0.423157
unicorn_session_005,37,slap,1,12.89,Unicorn Hybrid Black,250,810509.25,39146.90625,60570980.0,7960763.5,2002631.25,887113.75,88803056.0,11304693.0,686435.625,295093.5625,88805320.0,12611548.0,54205.339844,380892.21875,65046876.0,10114555.0,85.324951,4.446467,1.002583
unicorn_session_005,38,baseline,0,17.69,Unicorn Hybrid Black,250,122969408.0,14393679.0,831533.9375,4061.666016,305004480.0,38389236.0,1935742.5,195660.859375,345948832.0,45512424.0,3204390.0,25725.744141,273296896.0,44300976.0,2044300.75,103372.140625,0.007655,-4.872328,0.992659
unicorn_session_005,38,slap,1,10.71,Unicorn Hybrid Black,250,379897.8125,193224.953125,37901144.0,6608112.0,603184.1875,119737.054688,31326580.0,7540393.5,251472.515625,87332.8125,66904080.0,11097077.0,214442.5,117951.257812,45425708.0,5641021.0,125.298744,4.830701,0.8311
unicorn_session_005,39,baseline,0,10.64,Unicorn Hybrid Black,250,23656466.0,4244770.0,341051.28125,147724.59375,37602276.0,7448895.5,247115.828125,30404.970703,67343848.0,10896903.0,1707848.5,9565.150391,52227464.0,4391636.5,1975886.375,6086.052246,0.023624,-3.745456,0.65429
unicorn_session_005,39,slap,1,13.71,Unicorn Hybrid Black,250,698148.8125,182900.515625,63401128.0,7764262.0,48650.535156,290535.96875,141084544.0,18624842.0,203438.203125,488505.625,148172640.0,17498876.0,136037.28125,316567.46875,150102368.0,23835208.0,462.830109,6.13736,1.157796
unicorn_session_005,40,baseline,0,17.3,Unicorn Hybrid Black,250,161425184.0,18927498.0,165103.34375,53893.402344,209125792.0,30541094.0,3916827.75,112130.804688,279429152.0,31964510.0,4863620.0,30238.777344,255121792.0,27869286.0,2223671.25,197943.03125,0.01234,-4.394804,1.056914
unicorn_session_005,40,slap,1,19.81,Unicorn Hybrid Black,250,590126.875,568060.6875,219733872.0,30102164.0,2037765.25,16739.636719,387223840.0,59457228.0,142916.515625,269476.9375,403079296.0,60160428.0,221581.859375,212884.140625,421727872.0,47651720.0,478.468597,6.17059,1.128978
unicorn_session_005,41,baseline,0,18.78,Unicorn Hybrid Black,250,192967584.0,30088540.0,283105.875,35422.058594,337703200.0,42657392.0,48115.164062,16046.672852,411542560.0,60754416.0,197801.546875,30300.388672,349770304.0,56476400.0,20986.107422,4355.314941,0.000426,-7.759409,0.231099
unicorn_session_005,41,slap,1,10.41,Unicorn Hybrid Black,250,866780.5625,3634.265137,32916630.0,4465483.5,108969.382812,839541.8125,54255608.0,8907067.0,118648.648438,686357.3125,91252040.0,7445543.0,84692.664062,592710.5,86973928.0,10466284.0,225.087082,5.416487,1.03533
unicorn_session_005,42,baseline,0,18.22,Unicorn Hybrid Black,250,152440240.0,25778272.0,3484333.25,304911.8125,230427920.0,39053556.0,1148265.875,9542.098633,311679136.0,41287236.0,2898797.25,6735.599609,272488800.0,43407492.0,3884532.0,15856.290039,0.011805,-4.439141,0.740013
unicorn_session_005,42,slap,1,13.62,Unicorn Hybrid Black,250,26031.734375,990909.125,30414140.0,6296698.5,203422.875,105991.9375,58422716.0,12704191.0,396792.59375,105423.4375,64858508.0,12391345.0,2602460.25,394224.75,113802704.0,18220854.0,82.849892,4.41703,1.219289
unicorn_session_005,43,baseline,0,16.52,Unicorn Hybrid Black,250,117634392.0,12462398.0,895283.9375,15916.478516,208113712.0,33493974.0,2316722.25,93757.609375,270548512.0,36188384.0,168486.6875,1575.864258,254672304.0,39325536.0,3036086.25,15927.645508,0.00754,-4.887358,1.653296
unicorn_session_005,43,slap,1,16.03,Unicorn Hybrid Black,250,932358.4375,133768.28125,189103968.0,27556004.0,1254501.625,206827.3125,250021328.0,30728134.0,1130501.875,1152370.125,359012288.0,52500032.0,141177.46875,392511.34375,303835072.0,38963120.0,318.623718,5.764011,1.000453
unicorn_session_005,44,baseline,0,10.76,Unicorn Hybrid Black,250,36398772.0,1569217.875,4201241.5,111858.695312,75728280.0,8930797.0,1603028.875,123903.453125,66870300.0,13966668.0,3062384.75,37490.171875,55578796.0,12788235.0,2157160.25,68399.984375,0.046995,-3.057701,0.674745
unicorn_session_005,44,slap,1,17.24,Unicorn Hybrid Black,250,24318.277344,13289.629883,219092304.0,29655622.0,142299.765625,125418.710938,283114016.0,40404116.0,1008003.625,47010.492188,452620544.0,59427432.0,189444.515625,591579.3125,304089472.0,57149560.0,922.914429,6.827537,0.932276
unicorn_session_005,45,baseline,0,18.75,Unicorn Hybrid Black,250,135158096.0,19216132.0,2937099.5,137448.546875,222297392.0,38148868.0,1591716.75,32659.644531,379601632.0,54338868.0,1942638.625,51601.789062,323307968.0,51283240.0,5552678.0,81435.070312,0.01134,-4.479365,0.988986
unicorn_session_005,45,slap,1,10.65,Unicorn Hybrid Black,250,491259.09375,213528.78125,51786952.0,8862081.0,385839.71875,196885.015625,72423840.0,12120904.0,363934.21875,289047.03125,86863288.0,10644652.0,748106.3125,206617.296875,67443336.0,8906681.0,140.019058,4.941779,1.003732
unicorn_session_005,46,baseline,0,18.2,Unicorn Hybrid Black,250,192080464.0,27267586.0,159062.78125,222739.765625,333269632.0,36324012.0,4556562.5,97799.578125,558224000.0,80841152.0,238762.203125,82346.570312,375786304.0,48856356.0,24775.771484,131177.609375,0.003412,-5.680199,0.26992
unicorn_session_005,46,slap,1,18.19,Unicorn Hybrid Black,250,265988.84375,938312.0625,213494064.0,22808006.0,190045.296875,317389.125,294200832.0,40671144.0,191701.0625,334939.625,307972608.0,43800580.0,731880.625,356699.25,309321536.0,35847948.0,815.436462,6.703723,1.072602
unicorn_session_005,47,baseline,0,16.69,Unicorn Hybrid Black,250,95227184.0,13888127.0,225378.765625,10744.820312,168154016.0,33374462.0,2967352.75,29313.460938,201869456.0,29747180.0,3541574.0,142177.046875,136423392.0,21149174.0,1245366.125,53020.242188,0.013262,-4.322743,0.963625
unicorn_session_005,47,slap,1,11.56,Unicorn Hybrid Black,250,714585.5625,409741.78125,38027028.0,9252277.0,1645729.0,351716.71875,89995512.0,12570041.0,1877625.75,86675.140625,81474848.0,13490695.0,462966.375,29077.615234,66304956.0,10229135.0,58.670033,4.071929,1.120329
unicorn_session_005,48,baseline,0,12.0,Unicorn Hybrid Black,250,36443040.0,5763058.0,3781137.5,13044.770508,65725432.0,11926154.0,68739.007812,6651.982422,100348696.0,13570373.0,3652192.5,34514.671875,60709836.0,13125147.0,2469149.0,6187.362793,0.037881,-3.273288,0.165267
unicorn_session_005,48,slap,1,16.68,Unicorn Hybrid Black,250,142190.8125,347795.96875,141936720.0,20052834.0,391079.1875,43643.128906,269803232.0,36610644.0,86118.992188,141950.6875,262386704.0,26099684.0,799622.9375,185204.21875,261050928.0,31480876.0,659.034363,6.490776,1.135147
unicorn_session_005,49,baseline,0,18.67,Unicorn Hybrid Black,250,135389840.0,9609210.0,2036087.125,266244.1875,254431904.0,47056660.0,186283.703125,4276.710449,477785152.0,73691528.0,337017.90625,9068.244141,339222784.0,47231868.0,2476570.75,4732.696777,0.004173,-5.478909,0.539499
unicorn_session_005,49,slap,1,18.66,Unicorn Hybrid Black,250,244636.515625,451208.96875,258433200.0,34143080.0,213655.453125,162258.296875,453253248.0,55586344.0,422798.96875,993782.6875,475191200.0,62781332.0,252669.296875,594255.375,347696928.0,56776000.0,1353.526489,7.210469,1.034768
unicorn_session_005,50,baseline,0,13.13,Unicorn Hybrid Black,250,66245220.0,10623521.0,3242166.0,351859.75,141520480.0,25699406.0,344612.1875,16565.220703,132242528.0,18523866.0,232294.640625,42888.496094,91091176.0,14951298.0,3032739.5,6216.173828,0.015894,-4.141763,0.596812
unicorn_session_005,50,slap,1,18.22,Unicorn Hybrid Black,250,178490.21875,711779.1875,153052944.0,23278032.0,845083.5,497313.46875,305422016.0,42367004.0,57644.664062,370235.71875,316474048.0,51089720.0,69178.554688,279093.65625,326480544.0,48734272.0,957.434326,6.864257,1.146785
unicorn_session_005,51,baseline,0,13.12,Unicorn Hybrid Black,250,43893584.0,8851637.0,4289495.5,69831.109375,116544384.0,15260381.0,2658313.5,114374.109375,159640672.0,16851294.0,5548046.5,484007.71875,116465832.0,24048086.0,422195.5,45953.671875,0.029592,-3.520231,0.328037
unicorn_session_005,51,slap,1,13.56,Unicorn Hybrid Black,250,393170.96875,220319.953125,77557824.0,11926722.0,43990.988281,485924.0,120099576.0,17178812.0,280477.34375,1323659.375,91857728.0,20346156.0,372104.6875,398121.34375,142163728.0,17722426.0,396.128693,5.981739,1.210778
unicorn_session_005,52,baseline,0,18.22,Unicorn Hybrid Black,250,210649312.0,29262228.0,209209.5,40782.34375,497911264.0,77218632.0,43433.46875,73685.507812,617994368.0,79830352.0,349369.8125,142221.9375,413955168.0,61542872.0,1688321.75,8462.794922,0.001316,-6.632476,0.472934
unicorn_session_005,52,slap,1,11.49,Unicorn Hybrid Black,250,73771.09375,701163.125,23416972.0,5153152.5,599047.125,973010.125,94523344.0,11993069.0,663067.5,44885.636719,80796904.0,12061816.0,414340.5,154173.0625,87725648.0,9814808.0,163.671906,5.097864,1.271524
unicorn_session_005,53,baseline,0,15.72,Unicorn Hybrid Black,250,92613984.0,9275398.0,307799.6875,23228.212891,225091216.0,40502964.0,6349655.0,13231.282227,261136656.0,42338800.0,2982834.25,38627.445312,203592288.0,33089954.0,347563.53125,47839.777344,0.012765,-4.360962,0.594949
unicorn_session_005,53,slap,1,11.83,Unicorn Hybrid Black,250,87368.3125,313972.75,70792096.0,5215907.0,1138015.5,20365.294922,78758448.0,10661514.0,269601.53125,52441.972656,106167800.0,14705454.0,47060.0,521965.90625,91075648.0,9408423.0,224.892212,5.415621,0.976873
unicorn_session_005,54,baseline,0,11.9,Unicorn Hybrid Black,250,31012098.0,2502342.0,192952.78125,34021.253906,53821728.0,6405983.0,205114.25,10052.099609,61679156.0,10820932.0,618538.125,7163.55127,46704716.0,8758166.0,404749.5,3276.54541,0.007356,-4.912071,0.810865
unicorn_session_005,54,slap,1,13.6,Unicorn Hybrid Black,250,114717.835938,14390.181641,50999804.0,7973397.0,142674.65625,349820.5625,87954696.0,16219155.0,243347.234375,1058703.625,103237480.0,23093370.0,27350.537109,261590.015625,120549808.0,20124816.0,686.893555,6.532179,1.135469
unicorn_session_005,55,baseline,0,17.87,Unicorn Hybrid Black,250,124969888.0,18621036.0,113019.523438,147272.15625,238856496.0,41267832.0,548191.0625,54559.21875,267383664.0,43407636.0,20658.925781,67792.382812,285302752.0,35271464.0,65066.230469,100387.03125,0.000815,-7.111126,1.011394
unicorn_session_005,55,slap,1,17.21,Unicorn Hybrid Black,250,47536.460938,381568.65625,152908496.0,26967060.0,673072.875,22014.216797,240494224.0,34343076.0,2237842.5,270516.3125,313654176.0,54604316.0,641404.875,71334.015625,285833088.0,41111808.0,275.813751,5.619726,1.056252
unicorn_session_005,56,baseline,0,11.41,Unicorn Hybrid Black,250,25137918.0,4384859.0,894328.125,15108.491211,41754976.0,6807629.5,853152.3125,12385.950195,81110160.0,5021071.0,4546195.0,21944.072266,78087664.0,11546090.0,997497.1875,8569.289062,0.032249,-3.434241,0.506095
unicorn_session_005,56,slap,1,10.18,Unicorn Hybrid Black,250,844495.1875,263119.78125,32801006.0,5724001.0,1116686.75,71755.304688,47756260.0,8424090.0,282549.4375,358551.03125,56213144.0,7179713.0,246927.5625,511319.78125,29056668.0,6105119.5,66.579597,4.198398,0.898551
unicorn_session_005,57,baseline,0,11.2,Unicorn Hybrid Black,250,23342612.0,2395837.0,334981.3125,81717.960938,34340056.0,3733690.0,5263367.5,147507.359375,32635520.0,6819685.0,2130944.25,23422.738281,41841300.0,8940016.0,3872640.25,117443.820312,0.087787,-2.432826,1.556557
unicorn_session_005,57,slap,1,10.43,Unicorn Hybrid Black,250,1640710.125,69226.265625,39116100.0,3639097.25,454262.0,239405.15625,98232264.0,9307265.0,484442.40625,197587.5,82690944.0,11640830.0,1396417.125,564649.25,70889312.0,8674222.0,73.174278,4.292844,1.147337
unicorn_session_005,58,baseline,0,17.05,Unicorn Hybrid Black,250,127136192.0,23914288.0,4065278.0,67157.492188,324237728.0,50255612.0,4645082.0,23430.28125,339608512.0,42990276.0,117826.359375,15884.546875,281270048.0,39195624.0,3229182.5,76729.601562,0.011245,-4.487752,1.284844
unicorn_session_005,58,slap,1,17.54,Unicorn Hybrid Black,250,2502961.75,136880.8125,245769296.0,26645216.0,417840.625,53084.972656,361548928.0,43809048.0,1840101.5,265708.46875,289815552.0,44676612.0,787577.9375,289473.46875,266634160.0,31960702.0,209.745285,5.345894,1.067173
unicorn_session_005,59,baseline,0,15.87,Unicorn Hybrid Black,250,116640784.0,17246126.0,5735689.0,174982.875,286818784.0,50847028.0,3807778.0,18526.361328,272233120.0,43588676.0,4194634.5,17080.009766,191026720.0,31927588.0,471420.65625,426836.0,0.016395,-4.110742,0.377156
unicorn_session_005,59,slap,1,14.58,Unicorn Hybrid Black,250,43511.636719,198614.09375,66839656.0,13178117.0,439028.5625,107840.304688,110385920.0,22810538.0,1679680.875,91988.125,167639472.0,19816032.0,1667788.25,709810.0,128452184.0,14532732.0,123.581223,4.816899,1.006318
unicorn_session_005,60,baseline,0,15.71,Unicorn Hybrid Black,250,85109592.0,14667682.0,3897265.5,8999.328125,222001376.0,33372518.0,581149.8125,5270.27832,282329216.0,40019208.0,214400.734375,43675.410156,174930320.0,23390620.0,1194709.625,17104.597656,0.007702,-4.866087,0.566112
unicorn_session_005,60,slap,1,10.35,Unicorn Hybrid Black,250,2783442.75,232687.4375,32723328.0,5600973.5,20095.457031,155949.125,61771400.0,7709539.5,687466.625,352737.625,95098288.0,12357725.0,2572.178711,901598.5625,81439320.0,9647867.0,77.580185,4.351312,1.046766
unicorn_session_005,61,baseline,0,11.11,Unicorn Hybrid Black,250,28238898.0,5596190.0,162019.78125,10389.929688,37533416.0,4085480.0,6112962.5,48519.574219,60911792.0,6734009.5,1760492.625,5656.63623,65212164.0,13927844.0,399039.6875,87403.976562,0.043954,-3.1246,0.740685
unicorn_session_005,61,slap,1,13.71,Unicorn Hybrid Black,250,479241.34375,922680.875,44930068.0,7756666.0,78498.953125,82401.15625,102365320.0,14152706.0,973185.1875,702047.8125,133754456.0,12680923.0,1220991.0,268406.21875,129277192.0,17521728.0,149.105911,5.004657,1.121417
unicorn_session_005,62,baseline,0,12.16,Unicorn Hybrid Black,250,46374012.0,5109989.5,4350597.5,61935.195312,73935472.0,12409547.0,3436178.75,3115.5354,127400344.0,16124091.0,17725.001953,160460.625,97044048.0,15733240.0,223658.65625,153964.609375,0.023287,-3.759832,0.436792
unicorn_session_005,62,slap,1,14.78,Unicorn Hybrid Black,250,800538.6875,568592.875,110483672.0,16886482.0,553285.75,143946.546875,119338544.0,18149730.0,578008.125,140121.890625,195807520.0,20441620.0,218569.65625,81364.382812,170972144.0,24346468.0,277.437347,5.625595,0.957698
unicorn_session_005,63,baseline,0,17.58,Unicorn Hybrid Black,250,152681040.0,21192652.0,5078798.5,36126.9375,356475328.0,56258208.0,182239.515625,53580.183594,385138016.0,63354208.0,3290010.5,6851.091797,348167264.0,43293044.0,3020086.5,4184.018066,0.009313,-4.676229,0.256457
unicorn_session_005,63,slap,1,12.43,Unicorn Hybrid Black,250,214353.6875,647826.5,58814156.0,7562835.5,207925.6875,316268.21875,39346152.0,9386731.0,312293.5,86846.609375,105702984.0,15112065.0,948786.625,35069.835938,95855272.0,9490023.0,178.047867,5.182053,0.819607
unicorn_session_005,64,baseline,0,15.31,Unicorn Hybrid Black,250,83083376.0,7683770.0,2762026.5,54199.730469,186518496.0,22958042.0,490846.15625,22678.734375,233348384.0,33551058.0,4166096.0,99769.960938,154576992.0,20395560.0,4464691.0,94804.148438,0.018073,-4.013267,0.498285
unicorn_session_005,64,slap,1,10.8,Unicorn Hybrid Black,250,494813.90625,284799.8125,43424412.0,3662618.0,1404396.75,614817.0625,60921920.0,10148831.0,971099.375,234731.953125,71864136.0,9528306.0,832559.3125,402533.53125,43458652.0,8112368.0,59.324028,4.083014,0.936949
unicorn_session_005,65,baseline,0,17.3,Unicorn Hybrid Black,250,125675784.0,20462440.0,2940619.0,31046.875,291466112.0,32804704.0,146785.5,33822.328125,413039648.0,63720068.0,85138.875,38490.835938,435246720.0,56032668.0,170293.859375,107524.773438,0.002642,-5.935967,0.189185
unicorn_session_005,65,slap,1,15.78,Unicorn Hybrid Black,250,472763.5625,282573.0,57076272.0,13692472.0,358746.5,477197.21875,165124768.0,21902436.0,926663.1875,348666.125,179086240.0,29626194.0,1799289.25,1776853.25,259756736.0,29415936.0,185.81897,5.224773,1.253196
unicorn_session_005,66,baseline,0,12.2,Unicorn Hybrid Black,250,25759286.0,7310054.5,3651751.5,121618.289062,77068096.0,10110316.0,3207946.25,165486.15625,69145864.0,12303726.0,1048494.1875,15877.299805,61449044.0,9056664.0,92329.289062,2870.246338,0.034275,-3.373313,0.272098
unicorn_session_005,66,slap,1,13.41,Unicorn Hybrid Black,250,177760.515625,234481.578125,32900214.0,5129404.0,794391.375,891276.4375,106665936.0,16081167.0,1058881.375,47410.328125,131100640.0,15404038.0,73534.226562,730107.125,85013696.0,12361522.0,169.004074,5.129923,1.070921
unicorn_session_005,67,baseline,0,16.23,Unicorn Hybrid Black,250,92457752.0,13324221.0,3117906.25,85652.328125,137469840.0,29425164.0,5653143.5,36434.988281,175766528.0,29240924.0,3340191.75,19612.373047,180470304.0,32253262.0,3260833.5,73429.609375,0.026225,-3.64101,1.117215
unicorn_session_005,67,slap,1,14.57,Unicorn Hybrid Black,250,656184.0625,148618.421875,113740856.0,19487180.0,685541.875,248224.015625,163411648.0,27484352.0,585745.0625,372405.96875,224842704.0,31631270.0,489154.75,65034.3125,217438464.0,33126652.0,297.701721,5.696092,1.048043
unicorn_session_005,68,baseline,0,18.51,Unicorn Hybrid Black,250,146885344.0,21025368.0,411357.4375,6660.453613,304979072.0,36710784.0,2317050.25,45488.960938,257770416.0,40594592.0,196637.84375,107938.648438,210195728.0,32323006.0,2783633.5,82812.742188,0.006206,-5.082041,1.7795
unicorn_session_005,68,slap,1,17.27,Unicorn Hybrid Black,250,856832.25,789949.0625,130367568.0,19290976.0,369696.46875,393931.96875,238562224.0,29210450.0,2431944.5,14020.638672,335220000.0,51837584.0,522834.5625,153174.96875,193781440.0,32393076.0,214.748886,5.369469,0.957798
unicorn_session_005,69,baseline,0,10.23,Unicorn Hybrid Black,250,21222732.0,2605638.25,4809.121094,11567.048828,34286036.0,9958377.0,5082755.5,43871.039062,45868836.0,4331760.5,2566711.75,27452.501953,47899464.0,8929134.0,1446155.875,110203.15625,0.060963,-2.797466,1.191668
unicorn_session_005,69,slap,1,10.49,Unicorn Hybrid Black,250,687572.5,108222.289062,23322434.0,4136430.5,144925.203125,39127.351562,31635946.0,5124023.0,357166.65625,282084.65625,23684442.0,7300761.0,1035146.875,1115144.25,69400920.0,7726982.5,66.542152,4.197835,1.266027
unicorn_session_005,70,baseline,0,19.44,Unicorn Hybrid Black,250,163744416.0,21956512.0,3279254.25,59266.664062,460118272.0,69060832.0,1028447.625,8550.573242,495203328.0,79113904.0,3647520.25,28656.882812,507100704.0,67142352.0,79967.273438,141295.3125,0.004941,-5.309948,0.142761
unicorn_session_005,70,slap,1,15.54,Unicorn Hybrid Black,250,344432.71875,17495.0625,86358312.0,14040175.0,317188.90625,451393.09375,123553344.0,24210110.0,41345.410156,239888.34375,215770448.0,29258202.0,1128847.0,147950.296875,144188656.0,26481178.0,311.096405,5.740103,0.936864
unicorn_session_005,71,baseline,0,18.88,Unicorn Hybrid Black,250,280680640.0,46559204.0,856230.8125,466792.28125,487471296.0,70527584.0,105604.226562,50117.050781,496917056.0,58193692.0,4594473.5,21358.839844,527999840.0,85294216.0,50814.449219,39526.664062,0.003127,-5.767326,0.052258
unicorn_session_005,71,slap,1,12.7,Unicorn Hybrid Black,250,343314.40625,20100.507812,89482088.0,11044685.0,1377527.25,810273.5625,92343832.0,16232912.0,396132.125,268304.5,130812168.0,23359314.0,451531.28125,13857.871094,89312216.0,15299295.0,156.491928,5.053004,0.903747
unicorn_session_005,72,baseline,0,19.17,Unicorn Hybrid Black,250,197884240.0,24236668.0,1320912.25,14286.12793,353546368.0,59644980.0,4623609.0,73442.8125,506693920.0,70162688.0,738000.25,4081.142578,358393536.0,47489952.0,4315044.5,16153.420898,0.007764,-4.858154,1.624601
unicorn_session_005,72,slap,1,18.4,Unicorn Hybrid Black,250,515956.125,237600.734375,219569072.0,29512460.0,1603429.375,511670.59375,537307200.0,73173936.0,544312.625,254793.9375,479396320.0,60020408.0,2460581.25,169470.984375,339826176.0,49533984.0,307.574707,5.728718,1.084467
unicorn_session_005,73,baseline,0,13.13,Unicorn Hybrid Black,250,61032000.0,9274232.0,50786.433594,46407.742188,75395328.0,13466609.0,3146269.25,20268.792969,141141024.0,18835546.0,174810.0625,30858.380859,95979832.0,17892638.0,5010874.5,1858.099854,0.022441,-3.796828,1.894649
unicorn_session_005,73,slap,1,10.47,Unicorn Hybrid Black,250,1028373.875,34441.160156,20446098.0,2316119.75,1616899.625,192520.484375,18410770.0,6764651.5,801651.4375,684097.25,47589100.0,7939048.0,254537.4375,299742.1875,42667088.0,5267595.0,34.881634,3.55196,0.868305
unicorn_session_005,74,baseline,0,10.88,Unicorn Hybrid Black,250,33689488.0,3713869.75,4361091.5,1601.570068,52342848.0,7640501.5,3257302.0,104302.625,40241360.0,9374014.0,131551.390625,3056.59082,57381880.0,5968549.0,3458418.5,37774.757812,0.061029,-2.796386,1.197803
unicorn_session_005,74,slap,1,19.59,Unicorn Hybrid Black,250,101062.765625,173944.796875,264469088.0,30925718.0,554766.1875,786945.8125,407979360.0,65948628.0,772826.75,5029.726562,594684480.0,91948040.0,49768.140625,567553.1875,417081920.0,61346236.0,1139.196167,7.038078,0.979698
unicorn_session_005,75,baseline,0,15.24,Unicorn Hybrid Black,250,102382584.0,13920562.0,3635934.25,58375.601562,158911296.0,22426134.0,611564.3125,11731.959961,143953904.0,15663280.0,1579569.5,103885.210938,159710864.0,25131880.0,2316216.5,74225.617188,0.014414,-4.23949,0.584616
unicorn_session_005,75,slap,1,15.05,Unicorn Hybrid Black,250,694666.125,42411.34375,94857360.0,13715755.0,601232.4375,720354.6875,218974832.0,28289852.0,937221.5,229525.734375,148381792.0,30361754.0,52604.539062,179154.5,179050608.0,23714886.0,280.552002,5.636759,1.235116
unicorn_session_005,76,baseline,0,19.68,Unicorn Hybrid Black,250,249028816.0,36044188.0,1134870.875,9560.358398,420582848.0,61279544.0,1287987.125,243029.390625,509974144.0,89341864.0,2766558.0,37251.785156,389121984.0,66284216.0,4426710.0,33180.582031,0.00613,-5.094403,0.993244
unicorn_session_005,76,slap,1,19.04,Unicorn Hybrid Black,250,524447.875,247979.0625,278955808.0,31457392.0,465953.34375,541429.8125,375987968.0,48225316.0,190307.734375,308179.8125,383821408.0,62491112.0,210126.453125,811767.1875,385246336.0,58609132.0,1023.853394,6.931329,1.069062
unicorn_session_005,77,baseline,0,16.21,Unicorn Hybrid Black,250,84237192.0,12443906.0,877066.5,69035.148438,189857200.0,24923744.0,3115337.75,33707.796875,229832720.0,34119024.0,1766261.5,302900.46875,222518272.0,36012760.0,1486003.625,15896.856445,0.009973,-4.607797,1.187966
unicorn_session_005,77,slap,1,10.17,Unicorn Hybrid Black,250,7525.646484,309313.09375,35142160.0,3030216.25,626539.375,89337.648438,40916540.0,5422965.0,480760.46875,1060710.5,44948168.0,8887642.0,163779.96875,138985.8125,53843404.0,8998050.0,136.750763,4.91816,1.073765
unicorn_session_005,78,baseline,0,18.18,Unicorn Hybrid Black,250,146361216.0,17519606.0,16723.287109,6190.878418,273339744.0,36867348.0,1349279.875,181149.171875,275868768.0,44882140.0,1834823.625,102439.070312,254715616.0,47243812.0,6166637.0,167225.9375,0.009858,-4.619419,1.231723
unicorn_session_005,78,slap,1,10.69,Unicorn Hybrid Black,250,33251.925781,552514.25,24406496.0,2992630.75,409091.6875,133813.640625,78263352.0,7605152.5,186617.015625,130953.578125,54983576.0,8378707.5,30810.701172,44338.46875,50478472.0,7649394.5,315.460663,5.754034,1.207963
unicorn_session_005,79,baseline,0,15.82,Unicorn Hybrid Black,250,56897584.0,14056698.0,429256.0,28815.357422,112337576.0,22876596.0,1261440.125,108858.132812,163690832.0,19395594.0,255803.046875,26499.441406,108641872.0,19219032.0,4060986.75,219727.140625,0.013605,-4.297252,1.507011
unicorn_session_005,79,slap,1,11.8,Unicorn Hybrid Black,250,512457.9375,39108.0,66457660.0,6172773.0,631877.875,1304748.875,85497752.0,9661482.0,1220203.125,1486794.75,104527120.0,13757345.0,483150.0625,104386.742188,89334456.0,8388441.5,121.437759,4.799402,1.010882
unicorn_session_005,80,baseline,0,17.27,Unicorn Hybrid Black,250,125946080.0,20895522.0,3765842.5,7964.3125,199522032.0,36927244.0,426828.8125,29753.037109,323751744.0,46340468.0,4309000.0,84265.945312,276143232.0,37504292.0,654917.0,114764.914062,0.009895,-4.615612,0.230965
unicorn_session_005,80,slap,1,18.38,Unicorn Hybrid Black,250,205242.234375,43570.53125,193046544.0,28432484.0,633819.25,65791.546875,367758176.0,49487912.0,1424359.375,854985.1875,366419264.0,53551340.0,580151.25,350746.09375,331197120.0,41195236.0,442.549408,6.092552,1.109324
unicorn_session_005,81,baseline,0,17.44,Unicorn Hybrid Black,250,122773888.0,12656076.0,275919.21875,36918.15625,212040272.0,37211236.0,2963737.75,125538.28125,259886048.0,37654764.0,2394093.25,54051.953125,270335456.0,42500936.0,669762.375,41209.222656,0.007287,-4.921526,0.894041
unicorn_session_005,81,slap,1,15.7,Unicorn Hybrid Black,250,90676.601562,248845.34375,112280880.0,16121233.0,1738820.375,81299.421875,145615120.0,22810120.0,1406263.625,313119.3125,224903008.0,29509254.0,1065949.875,417646.34375,158256960.0,29682356.0,149.023499,5.004104,0.947215
unicorn_session_005,82,baseline,0,19.38,Unicorn Hybrid Black,250,221252784.0,25963432.0,747402.6875,47500.230469,344827232.0,55638624.0,5300896.0,104052.507812,482038400.0,77525160.0,4547696.5,59685.484375,378594272.0,48402616.0,4554393.0,31792.392578,0.010619,-4.545008,1.297257
unicorn_session_005,82,slap,1,12.09,Unicorn Hybrid Black,250,1138538.0,1436150.0,74507872.0,7767935.0,37736.253906,337960.5625,99995024.0,13864363.0,291138.3125,26196.203125,120768472.0,17623708.0,544684.1875,268003.625,114706408.0,15565990.0,203.756485,5.316926,1.044919
unicorn_session_005,83,baseline,0,18.66,Unicorn Hybrid Black,250,253764528.0,40068700.0,2052749.25,51727.078125,293780416.0,46598244.0,4034871.0,3260.608154,392944672.0,58318716.0,2547078.75,11381.007812,281168416.0,41697168.0,205514.75,82331.570312,0.007236,-4.928515,0.412034
unicorn_session_005,83,slap,1,17.2,Unicorn Hybrid Black,250,1701010.25,250685.71875,149736064.0,22818052.0,960713.6875,101610.578125,328425376.0,38808860.0,202817.796875,105121.203125,455860608.0,52515568.0,1685256.5,26854.714844,331535936.0,34883500.0,278.156952,5.628186,1.042946
unicorn_session_005,84,baseline,0,12.8,Unicorn Hybrid Black,250,26229228.0,4346393.5,1493381.375,98786.023438,51157392.0,13708378.0,261956.90625,35896.820312,70315304.0,6605639.0,3280056.5,41111.335938,60190036.0,6924244.0,865502.0,106848.414062,0.028384,-3.561879,0.322768
unicorn_session_005,84,slap,1,10.75,Unicorn Hybrid Black,250,169270.0625,57492.621094,73618496.0,5815479.5,587975.0,206559.515625,64808268.0,7372050.5,635069.375,780152.125,93607032.0,13177226.0,78112.070312,1249747.5,103307544.0,9443198.0,228.05719,5.429596,0.97601
unicorn_session_005,85,baseline,0,17.43,Unicorn Hybrid Black,250,115420688.0,11059259.0,58784.074219,36952.78125,197005744.0,21917830.0,770569.3125,112446.578125,279657536.0,32947834.0,3331682.25,2927.181152,191028288.0,20423612.0,2018100.125,62159.363281,0.00789,-4.841971,0.807253
unicorn_session_005,85,slap,1,19.33,Unicorn Hybrid Black,250,283066.53125,1067157.375,248532784.0,35250152.0,605999.6875,18763.669922,542297664.0,74342736.0,669461.875,38904.011719,603090752.0,83108560.0,947350.75,213940.4375,379114624.0,54164476.0,707.550476,6.561809,1.022932
unicorn_session_005,86,baseline,0,12.99,Unicorn Hybrid Black,250,50262260.0,9547200.0,1519672.5,78393.929688,104339088.0,19880680.0,1801568.75,52766.960938,155660512.0,24986190.0,417681.3125,130072.015625,103177464.0,18031710.0,6198232.5,110222.0,0.024035,-3.728189,1.345108
unicorn_session_005,86,slap,1,12.02,Unicorn Hybrid Black,250,167708.359375,23718.484375,68776144.0,10786885.0,882160.0,451422.4375,120002656.0,13095735.0,127604.03125,343679.9375,127089464.0,16284140.0,863418.3125,102408.0,93831400.0,12717590.0,200.745514,5.302038,1.03601
unicorn_session_005,87,baseline,0,16.94,Unicorn Hybrid Black,250,126769824.0,18325446.0,6106751.5,24152.976562,215093632.0,23208518.0,1223274.0,51671.519531,255626752.0,48188196.0,569901.6875,284891.90625,261441664.0,32730954.0,618521.9375,115315.390625,0.009917,-4.613355,0.40845
unicorn_session_005,87,slap,1,17.83,Unicorn Hybrid Black,250,242519.796875,161509.0,332119776.0,40033684.0,611000.6875,348127.09375,439898272.0,50996400.0,236752.25,462696.0625,678849920.0,84118024.0,1275423.125,5006.494629,451405664.0,56513640.0,804.107422,6.689733,0.937015
unicorn_session_005,88,baseline,0,19.92,Unicorn Hybrid Black,250,305129344.0,48993824.0,1742857.0,43627.714844,538291328.0,85873744.0,2937347.25,107635.757812,565516480.0,63900928.0,1662184.375,4908.046875,466089280.0,61494344.0,2635073.5,14784.853516,0.004788,-5.341452,1.239597
unicorn_session_005,88,slap,1,16.76,Unicorn Hybrid Black,250,71589.398438,907656.0,129850384.0,17345198.0,89116.765625,226492.5,213954400.0,31080640.0,3273306.5,11914.738281,350888896.0,55048608.0,2999944.0,176541.515625,340385792.0,44387728.0,160.877594,5.080644,1.042876
unicorn_session_005,89,baseline,0,13.6,Unicorn Hybrid Black,250,57432296.0,6923295.5,50592.648438,141361.671875,143680496.0,13946758.0,711291.75,78624.734375,117587432.0,14066893.0,161420.3125,20566.908203,112651192.0,16472459.0,37357.65625,62298.40625,0.002227,-6.106606,0.678739
unicorn_session_005,89,slap,1,12.99,Unicorn Hybrid Black,250,422706.90625,175232.40625,58399072.0,5206210.0,78818.054688,606820.4375,85868384.0,11487999.0,528238.25,76020.734375,67020852.0,12871564.0,1268173.0,1758104.125,158295072.0,15565885.0,160.832733,5.080365,1.261821
unicorn_session_005,90,baseline,0,15.97,Unicorn Hybrid Black,250,110094136.0,8903435.0,1115524.75,165407.03125,142784144.0,18232830.0,3241445.0,42747.519531,185760800.0,29916490.0,1776781.125,43237.347656,161050400.0,25701098.0,45594.523438,160242.53125,0.010304,-4.575103,0.248853
unicorn_session_005,90,slap,1,11.69,Unicorn Hybrid Black,250,532861.8125,369740.03125,43808748.0,8264468.5,43777.808594,624713.1875,83303968.0,12359330.0,3437461.0,1063537.375,123310776.0,17893036.0,873056.625,899824.4375,73093176.0,12009486.0,66.197311,4.19264,0.964794
unicorn_session_005,91,baseline,0,18.43,Unicorn Hybrid Black,250,164451984.0,25927832.0,810747.375,137430.84375,277420416.0,31314434.0,4227907.0,5784.217773,319726240.0,46927032.0,802154.25,293882.78125,334899744.0,48455164.0,90589.460938,53338.953125,0.005409,-5.219432,0.417354
unicorn_session_005,91,slap,1,11.32,Unicorn Hybrid Black,250,2253834.5,184939.96875,15388024.0,4682832.5,9965.217773,217558.109375,57672500.0,8172144.5,1135820.125,5190.319824,64778776.0,9940594.0,900190.25,491957.3125,45497508.0,6184992.5,42.638351,3.752754,1.117605
unicorn_session_005,92,baseline,0,10.83,Unicorn Hybrid Black,250,35421744.0,2158578.5,1052370.75,10540.779297,42754112.0,5042729.5,1343768.125,111726.484375,61104680.0,10971789.0,298661.09375,3095.1521,26931546.0,5215117.0,2388773.25,142430.5,0.030585,-3.487217,1.409745
unicorn_session_005,92,slap,1,17.32,Unicorn Hybrid Black,250,291413.46875,9866.550781,167731152.0,24925172.0,2043437.5,499229.78125,404314976.0,50443060.0,1978899.625,42707.710938,562106112.0,73647864.0,983739.6875,225994.546875,285938048.0,42820340.0,268.068512,5.591243,0.957723
unicorn_session_005,93,baseline,0,19.98,Unicorn Hybrid Black,250,148596384.0,24873788.0,4423283.5,6448.602539,355880384.0,50768936.0,4215942.0,140859.625,538749248.0,87154960.0,228726.359375,66743.585938,420100960.0,72746152.0,3568860.0,25147.181641,0.008499,-4.767689,1.247564
unicorn_session_005,93,slap,1,16.88,Unicorn Hybrid Black,250,495825.375,9676.838867,131947816.0,15844550.0,768173.0,373338.65625,169548048.0,25490094.0,492381.625,20801.548828,234238208.0,33692168.0,250543.703125,727439.125,289804352.0,35046804.0,411.345184,6.019433,1.074043
unicorn_session_005,94,baseline,0,14.46,Unicorn Hybrid Black,250,86905408.0,15573441.0,294922.53125,13795.891602,189873424.0,36646776.0,2155764.5,94003.75,233884096.0,38500904.0,17769.958984,178173.1875,201699696.0,39900924.0,1688634.125,29018.070312,0.005836,-5.1436,1.835857
unicorn_session_005,94,slap,1,18.55,Unicorn Hybrid Black,250,204878.453125,192195.015625,111294504.0,15171640.0,154220.015625,235587.546875,228304400.0,34317256.0,330911.28125,273959.625,303954688.0,44796968.0,334453.4375,200666.15625,313195200.0,42712692.0,933.902527,6.839372,1.117961
unicorn_session_005,95,baseline,0,15.43,Unicorn Hybrid Black,250,88522536.0,14215795.0,324074.34375,77936.375,181411056.0,30260926.0,8780.027344,18398.115234,185251984.0,20020348.0,6310332.5,6259.862793,142579952.0,22379354.0,5412177.5,36816.6875,0.020167,-3.903639,0.072329
unicorn_session_005,95,slap,1,19.05,Unicorn Hybrid Black,250,390777.15625,211575.71875,217533280.0,31977968.0,407659.0625,208305.171875,295200800.0,42160504.0,161909.078125,599349.4375,482926624.0,64571316.0,1477978.625,777516.0,469620160.0,63574040.0,600.937744,6.398491,1.016415
unicorn_session_005,96,baseline,0,13.34,Unicorn Hybrid Black,250,48439820.0,3801642.25,612066.25,129281.804688,105628304.0,13612727.0,33844.242188,73019.796875,136906384.0,27339720.0,2967860.75,65093.179688,92877464.0,14518798.0,2222531.5,53765.914062,0.015205,-4.186094,0.18797
unicorn_session_005,96,slap,1,18.18,Unicorn Hybrid Black,250,93825.3125,279756.0625,229886704.0,31147110.0,1089657.375,65576.046875,280268320.0,37888700.0,83743.804688,369159.8125,454624672.0,57605264.0,2412765.0,268785.09375,250589168.0,36212520.0,330.264038,5.799892,0.872208
unicorn_session_005,97,baseline,0,19.59,Unicorn Hybrid Black,250,261075424.0,34140116.0,3805950.25,48586.648438,426529792.0,65733588.0,2152907.5,87406.304688,612454144.0,93652856.0,1990919.125,5330.957031,403873312.0,64870784.0,3240580.5,38219.300781,0.006567,-5.025489,0.944148
unicorn_session_005,97,slap,1,15.5,Unicorn Hybrid Black,250,404574.53125,153561.015625,129535016.0,14664817.0,210488.828125,168177.421875,172213184.0,23032860.0,152070.90625,149697.140625,244605648.0,28027270.0,202717.28125,147430.328125,165402144.0,21717474.0,733.881409,6.598348,0.94849
unicorn_session_005,98,baseline,0,16.89,Unicorn Hybrid Black,250,186958512.0,26540738.0,1691181.25,14559.105469,357528192.0,47615128.0,4693128.0,47771.742188,357766752.0,51891596.0,3899760.0,70558.195312,264349904.0,29376366.0,5240973.0,35975.136719,0.013308,-4.319322,1.277804
unicorn_session_005,98,slap,1,14.59,Unicorn Hybrid Black,250,195073.65625,236876.4375,100241896.0,10979412.0,188327.859375,385305.6875,188133504.0,25585026.0,238694.78125,49451.660156,266511776.0,29077402.0,401768.03125,296160.40625,183449776.0,28197990.0,721.127747,6.580816,1.006461
unicorn_session_005,99,baseline,0,14.56,Unicorn Hybrid Black,250,107097592.0,13270578.0,72611.296875,6985.837891,160764608.0,20887420.0,3718460.0,77168.726562,227485120.0,22602298.0,63421.746094,53135.820312,123497256.0,20186336.0,1065600.375,1694.962158,0.00795,-4.834401,1.618324
unicorn_session_005,99,slap,1,14.24,Unicorn Hybrid Black,250,745186.0,383581.21875,74399696.0,9204107.0,1258630.625,569035.8125,91363768.0,16072525.0,628563.875,400633.15625,168876432.0,27050822.0,745169.375,11581.431641,179502304.0,22814394.0,152.223419,5.025349,0.99632
